window_idx,tx_global_idx,tx_in_window_idx,attention_score,window_score,z_amount,density,counterparty_novelty,value_ratio
0,0,0,0.054044850170612335,0.9995755553245544,-4.625929205073821e-09,1.0,1.0,100000000.0
0,1,1,0.054044850170612335,0.9995755553245544,-4.625929205073821e-09,1.0,1.0,200000000.0
0,2,2,0.054044850170612335,0.9995755553245544,-4.625929205073821e-09,1.0,1.0,300000000.0
