window_idx,tx_global_idx,tx_in_window_idx,attention_score,window_score,z_amount,density,counterparty_novelty,value_ratio
0,0,0,0.0667867437005043,0.9796399474143982,-0.225448177276756,1.0,1.0,5000000000.0
0,1,1,0.0667867437005043,0.9796399474143982,-0.22043788457754332,2.0,1.0,10300039283.0
0,2,2,0.0667867437005043,0.9796399474143982,-0.12525544286312287,2.0,1.0,21300039283.0
0,3,3,0.0667867437005043,0.9796399474143982,0.09481173074566751,2.0,1.0,45478669943.0
0,4,4,0.0667867437005043,0.9796399474143982,-0.22504333183456862,2.0,1.0,50502913943.0
0,5,5,0.0056678056716918945,0.9796399474143982,0.7013731058063232,1.0,1.0,0.8347271065084995
