window_idx,tx_global_idx,tx_in_window_idx,attention_score,window_score,z_amount,density,counterparty_novelty,value_ratio
0,0,0,0.07315356284379959,0.9653283953666687,0.2357062228128626,1.0,1.0,14990000000.0
0,1,1,0.07315356284379959,0.9653283953666687,-0.4714045207021154,1.0,1.0,14990000000.0
0,2,2,0.004729141015559435,0.9653283953666687,0.2356982978892528,1.0,1.0,1.000011207530544
