window_idx,tx_global_idx,tx_in_window_idx,attention_score,window_score,z_amount,density,counterparty_novelty,value_ratio
0,0,0,0.06762325018644333,0.9997846484184265,-0.23776777618685585,2.0,1.0,989999999.9999999
0,1,1,0.06762324273586273,0.9997846484184265,-0.23763004472497218,2.0,1.0,1989999999.9999998
0,2,2,0.06762324273586273,0.9997846484184265,-0.23763004472497218,1.0,1.0,2990000000.0
0,3,3,0.06762324273586273,0.9997846484184265,-0.2282707716712893,2.0,1.0,4669530510.0
0,4,4,0.06762325018644333,0.9997846484184265,0.4384937016617689,2.0,1.0,54759530510.0
0,5,5,0.0047155688516795635,0.9997846484184265,0.5028049356463205,1.0,1.0,1.0000038349453217
