{
  "window_protocol": {
    "W": 200,
    "S": 50,
    "coverage_proof": "floor(W/S) = floor(200/50) = 4",
    "max_windows_per_tx": 4
  },
  "sidak_correction": {
    "formula": "tau_eff(K) = 1 - (1 - tau_base)^(1/K)",
    "purpose": "Controls FPR inflation from max-pooling over K windows",
    "tau_base_default": 0.08,
    "table_tau_base_008": {
      "1": 0.08,
      "2": 0.040834,
      "3": 0.027411,
      "4": 0.02063,
      "5": 0.016538,
      "6": 0.013801,
      "8": 0.010369,
      "10": 0.008303,
      "15": 0.005543,
      "20": 0.00416,
      "30": 0.002776,
      "50": 0.001666
    },
    "table_tau_base_005": {
      "1": 0.05,
      "2": 0.025321,
      "3": 0.016952,
      "4": 0.012741,
      "5": 0.010206,
      "6": 0.008512,
      "8": 0.006391,
      "10": 0.005116,
      "15": 0.003414,
      "20": 0.002561,
      "30": 0.001708,
      "50": 0.001025
    }
  },
  "account_window_stats": {
    "n_accounts": 32633,
    "n_windows": {
      "min": 1,
      "median": 1.0,
      "mean": 1.2501762020041063,
      "max": 1369,
      "p75": 1.0,
      "p90": 1.0,
      "p95": 1.0
    },
    "n_transactions": {
      "min": 3,
      "median": 5.0,
      "mean": 27.534949284466645,
      "max": 68555
    },
    "total_windows": 40797
  }
}