{
  "formula": "tau_eff(K) = 1 - (1 - tau_base)^(1/K)",
  "explanation": "\u0160id\u00e1k correction controls FPR inflation from max-pooling over K windows. Without correction, a negative account with K windows has K opportunities to generate a false positive, inflating FPR monotonically with account length.",
  "target_constraint": "FPR @ 95% TPR <= 0.08",
  "tau_base_selection": "tau_base is selected via precision-recall optimization on inner validation fold of nested CV (Section 9), not fixed a priori.",
  "fpr_inflation_without_correction": {
    "1": {
      "fpr_without_correction": 0.08,
      "tau_sidak_effective": 0.08
    },
    "2": {
      "fpr_without_correction": 0.1536,
      "tau_sidak_effective": 0.040834
    },
    "3": {
      "fpr_without_correction": 0.221312,
      "tau_sidak_effective": 0.027411
    },
    "4": {
      "fpr_without_correction": 0.283607,
      "tau_sidak_effective": 0.02063
    },
    "5": {
      "fpr_without_correction": 0.340918,
      "tau_sidak_effective": 0.016538
    },
    "6": {
      "fpr_without_correction": 0.393645,
      "tau_sidak_effective": 0.013801
    },
    "8": {
      "fpr_without_correction": 0.486781,
      "tau_sidak_effective": 0.010369
    },
    "10": {
      "fpr_without_correction": 0.565612,
      "tau_sidak_effective": 0.008303
    },
    "15": {
      "fpr_without_correction": 0.713703,
      "tau_sidak_effective": 0.005543
    },
    "20": {
      "fpr_without_correction": 0.811307,
      "tau_sidak_effective": 0.00416
    }
  },
  "sidak_effective_threshold_table": {
    "0.05": {
      "1": 0.05,
      "2": 0.025321,
      "3": 0.016952,
      "4": 0.012741,
      "5": 0.010206,
      "6": 0.008512,
      "8": 0.006391,
      "10": 0.005116,
      "12": 0.004265,
      "15": 0.003414,
      "20": 0.002561,
      "30": 0.001708
    },
    "0.08": {
      "1": 0.08,
      "2": 0.040834,
      "3": 0.027411,
      "4": 0.02063,
      "5": 0.016538,
      "6": 0.013801,
      "8": 0.010369,
      "10": 0.008303,
      "12": 0.006924,
      "15": 0.005543,
      "20": 0.00416,
      "30": 0.002776
    },
    "0.1": {
      "1": 0.1,
      "2": 0.051317,
      "3": 0.034511,
      "4": 0.025996,
      "5": 0.020852,
      "6": 0.017407,
      "8": 0.013084,
      "10": 0.010481,
      "12": 0.008742,
      "15": 0.006999,
      "20": 0.005254,
      "30": 0.003506
    },
    "0.15": {
      "1": 0.15,
      "2": 0.078046,
      "3": 0.052732,
      "4": 0.039815,
      "5": 0.031981,
      "6": 0.026723,
      "8": 0.02011,
      "10": 0.016121,
      "12": 0.013452,
      "15": 0.010776,
      "20": 0.008093,
      "30": 0.005403
    },
    "0.2": {
      "1": 0.2,
      "2": 0.105573,
      "3": 0.071682,
      "4": 0.054258,
      "5": 0.043648,
      "6": 0.036508,
      "8": 0.027508,
      "10": 0.022067,
      "12": 0.018423,
      "15": 0.014766,
      "20": 0.011095,
      "30": 0.007411
    },
    "0.3": {
      "1": 0.3,
      "2": 0.16334,
      "3": 0.112096,
      "4": 0.085309,
      "5": 0.06885,
      "6": 0.057713,
      "8": 0.043605,
      "10": 0.035039,
      "12": 0.029286,
      "15": 0.023498,
      "20": 0.017676,
      "30": 0.011819
    },
    "0.5": {
      "1": 0.5,
      "2": 0.292893,
      "3": 0.206299,
      "4": 0.159104,
      "5": 0.129449,
      "6": 0.109101,
      "8": 0.082996,
      "10": 0.066967,
      "12": 0.056126,
      "15": 0.045158,
      "20": 0.034064,
      "30": 0.02284
    }
  },
  "recommended_tau_base": 0.08,
  "K_values_analyzed": [
    1,
    2,
    3,
    4,
    5,
    6,
    7,
    8,
    9,
    10,
    11,
    12,
    13,
    14,
    15,
    16,
    17,
    18,
    19,
    20,
    21,
    22,
    23,
    24,
    25,
    26,
    27,
    28,
    29,
    30
  ]
}