{
  "tmil": 11.989795918367346,
  "tmil_lo": 8.928571428571429,
  "tmil_hi": 15.306122448979592,
  "random": 9.22381138372712,
  "random_lo": 8.344566045188834,
  "random_hi": 10.141428022770132
}