{
  "overall": {
    "auc_mean": 0.966,
    "auc_std": 0.0031,
    "f1_mean": 0.8392,
    "precision_mean": 0.8534,
    "recall_mean": 0.8257
  },
  "gt_metrics": {
    "gt_auc_mean": 0.9733,
    "gt_auc_std": 0.0027,
    "gt_detected_pct_mean": 85.84,
    "gt_detected_pct_std": 1.69,
    "gt_mean_score": 0.8463
  },
  "per_tier": {
    "VERY_LARGE": {
      "n": 316,
      "detected_pct": 89.2,
      "mean_p": 0.881
    },
    "LARGE": {
      "n": 1328,
      "detected_pct": 91.4,
      "mean_p": 0.904
    },
    "MEDIUM": {
      "n": 1012,
      "detected_pct": 83.3,
      "mean_p": 0.814
    },
    "SMALL": {
      "n": 175,
      "detected_pct": 64.0,
      "mean_p": 0.63
    },
    "MICRO": {
      "n": 77,
      "detected_pct": 28.6,
      "mean_p": 0.311
    },
    "NO_DATA": {
      "n": 167,
      "detected_pct": 99.4,
      "mean_p": 0.993
    }
  },
  "per_fold": [
    {
      "fold": 1,
      "metrics": {
        "auc": 0.9651345933562427,
        "f1": 0.8244994110718492,
        "precision": 0.8484848484848485,
        "recall": 0.8018327605956472,
        "fpr_at_95tpr": 0.18692660550458715
      },
      "gt_n": 633,
      "gt_auc": 0.9712,
      "gt_detected_pct": 82.94,
      "gt_mean_score": 0.8221,
      "ngt_detected_pct": 72.92,
      "tier_results": {
        "MEDIUM": {
          "n": 197,
          "det_pct": 77.7,
          "mean_p": 0.762
        },
        "LARGE": {
          "n": 277,
          "det_pct": 89.5,
          "mean_p": 0.887
        },
        "NO_DATA": {
          "n": 43,
          "det_pct": 100.0,
          "mean_p": 0.998
        },
        "SMALL": {
          "n": 33,
          "det_pct": 69.7,
          "mean_p": 0.706
        },
        "VERY_LARGE": {
          "n": 60,
          "det_pct": 85.0,
          "mean_p": 0.854
        },
        "MICRO": {
          "n": 23,
          "det_pct": 30.4,
          "mean_p": 0.309
        }
      }
    },
    {
      "fold": 2,
      "metrics": {
        "auc": 0.9624511242410616,
        "f1": 0.8338092518560822,
        "precision": 0.8304891922639362,
        "recall": 0.8371559633027523,
        "fpr_at_95tpr": 0.2284322155345371
      },
      "gt_n": 609,
      "gt_auc": 0.9718,
      "gt_detected_pct": 87.85,
      "gt_mean_score": 0.8605,
      "ngt_detected_pct": 74.14,
      "tier_results": {
        "VERY_LARGE": {
          "n": 64,
          "det_pct": 89.1,
          "mean_p": 0.876
        },
        "LARGE": {
          "n": 270,
          "det_pct": 92.2,
          "mean_p": 0.911
        },
        "MEDIUM": {
          "n": 194,
          "det_pct": 87.6,
          "mean_p": 0.842
        },
        "SMALL": {
          "n": 46,
          "det_pct": 69.6,
          "mean_p": 0.697
        },
        "MICRO": {
          "n": 12,
          "det_pct": 33.3,
          "mean_p": 0.307
        },
        "NO_DATA": {
          "n": 23,
          "det_pct": 100.0,
          "mean_p": 0.995
        }
      }
    },
    {
      "fold": 3,
      "metrics": {
        "auc": 0.9717130312568203,
        "f1": 0.8539848749272833,
        "precision": 0.8665879574970484,
        "recall": 0.841743119266055,
        "fpr_at_95tpr": 0.16222413298939525
      },
      "gt_n": 619,
      "gt_auc": 0.9774,
      "gt_detected_pct": 87.08,
      "gt_mean_score": 0.8621,
      "ngt_detected_pct": 77.08,
      "tier_results": {
        "LARGE": {
          "n": 256,
          "det_pct": 93.0,
          "mean_p": 0.915
        },
        "MEDIUM": {
          "n": 215,
          "det_pct": 82.3,
          "mean_p": 0.82
        },
        "NO_DATA": {
          "n": 43,
          "det_pct": 100.0,
          "mean_p": 0.999
        },
        "VERY_LARGE": {
          "n": 56,
          "det_pct": 96.4,
          "mean_p": 0.943
        },
        "SMALL": {
          "n": 29,
          "det_pct": 72.4,
          "mean_p": 0.685
        },
        "MICRO": {
          "n": 20,
          "det_pct": 30.0,
          "mean_p": 0.37
        }
      }
    },
    {
      "fold": 4,
      "metrics": {
        "auc": 0.9660658596743108,
        "f1": 0.8492343934040048,
        "precision": 0.8728813559322034,
        "recall": 0.8268348623853211,
        "fpr_at_95tpr": 0.2295786758383491
      },
      "gt_n": 613,
      "gt_auc": 0.9754,
      "gt_detected_pct": 85.97,
      "gt_mean_score": 0.8472,
      "ngt_detected_pct": 74.9,
      "tier_results": {
        "MEDIUM": {
          "n": 215,
          "det_pct": 83.3,
          "mean_p": 0.815
        },
        "VERY_LARGE": {
          "n": 68,
          "det_pct": 92.6,
          "mean_p": 0.904
        },
        "NO_DATA": {
          "n": 29,
          "det_pct": 96.6,
          "mean_p": 0.972
        },
        "LARGE": {
          "n": 262,
          "det_pct": 92.7,
          "mean_p": 0.913
        },
        "SMALL": {
          "n": 31,
          "det_pct": 38.7,
          "mean_p": 0.401
        },
        "MICRO": {
          "n": 8,
          "det_pct": 25.0,
          "mean_p": 0.365
        }
      }
    },
    {
      "fold": 5,
      "metrics": {
        "auc": 0.9646270322718058,
        "f1": 0.8344988344988346,
        "precision": 0.8483412322274881,
        "recall": 0.8211009174311926,
        "fpr_at_95tpr": 0.1940384064201777
      },
      "gt_n": 601,
      "gt_auc": 0.9706,
      "gt_detected_pct": 85.36,
      "gt_mean_score": 0.8396,
      "ngt_detected_pct": 74.91,
      "tier_results": {
        "MEDIUM": {
          "n": 191,
          "det_pct": 85.9,
          "mean_p": 0.829
        },
        "LARGE": {
          "n": 263,
          "det_pct": 89.7,
          "mean_p": 0.893
        },
        "NO_DATA": {
          "n": 29,
          "det_pct": 100.0,
          "mean_p": 0.998
        },
        "VERY_LARGE": {
          "n": 68,
          "det_pct": 83.8,
          "mean_p": 0.836
        },
        "SMALL": {
          "n": 36,
          "det_pct": 66.7,
          "mean_p": 0.63
        },
        "MICRO": {
          "n": 14,
          "det_pct": 21.4,
          "mean_p": 0.203
        }
      }
    }
  ]
}