{
  "tmil": 9.0,
  "tmil_lo": 4.0,
  "tmil_hi": 15.0,
  "random": 6.069869192562689,
  "random_lo": 4.245893672822262,
  "random_hi": 8.267115450621379
}