{
  "Random_Forest": {
    "AUC": 0.963003125,
    "F1": 0.8157248107262947,
    "Hit_at_1": "N/A"
  },
  "Bi_LSTM": {
    "AUC": 0.5465250000000001,
    "F1": 0.34042552909008605,
    "Hit_at_1": "N/A"
  },
  "ABMIL": {
    "AUC": 0.50495,
    "F1": 0.33333333055555564,
    "Hit_at_1": 96.875
  }
}