window_idx,tx_global_idx,tx_in_window_idx,attention_score,window_score,z_amount,density,counterparty_novelty,value_ratio
0,0,0,0.11557713896036148,0.23754586279392242,0.2368355867198567,2.0,1.0,1445675999.9999998
0,1,1,0.008028265088796616,0.23754586279392242,0.2345671139987172,2.0,1.0,1.003206246124486
0,2,2,0.007026189472526312,0.23754586279392242,-0.4714027007185739,1.0,1.0,1.0010178596398174
